Workbook

Sheet User Profiles
A1: UserID | B1: Name | C1: Surname | D1: Email | E1: Gender | F1: Race | G1: Age | H1: Province | I1: Social Media Handle
A2: 34 | B2: Chas | C2: Biggers | D2: Chas 351@yahoo.com | E2: male | F2: white | G2: 55 | H2: Free State | I2: @Chas 35 | J2: =VLOOKUP(A2,Viewership!A:A,1,FALSE) -> #N/A
A3: 39 | B3: Wilburn | C3: Crotty | D3: Wilburn 303@mail.com | E3: male | F3: black | G3: 54 | H3: Eastern Cape | I3: @Wilburn 30 | J3: =VLOOKUP(A3,Viewership!A:A,1,FALSE) -> #N/A
A4: 63 | B4: Emerson | C4: Slane | D4: Emerson 243@mail.com | E4: male | F4: black | G4: 51 | H4: Kwazulu Natal | I4: @Emerson 24 | J4: =VLOOKUP(A4,Viewership!A:A,1,FALSE) -> #N/A
A5: 90 | B5: Stacy | C5: Sytsma | D5: Stacy 273@mail.com | E5: male | F5: coloured | G5: 49 | H5: Kwazulu Natal | I5: @Stacy 27 | J5: =VLOOKUP(A5,Viewership!A:A,1,FALSE) -> #N/A
A6: 97 | B6: Lucas | C6: Woolard | D6: Lucas 233@mail.com | E6: male | F6: coloured | G6: 48 | H6: Free State | I6: @Lucas 23 | J6: =VLOOKUP(A6,Viewership!A:A,1,FALSE) -> 97
A7: 104 | B7: Randy | C7: Tancredi | D7: Randy 393@mail.com | E7: male | F7: black | G7: 47 | H7: Gauteng | I7: @Randy 39 | J7: =VLOOKUP(A7,Viewership!A:A,1,FALSE) -> #N/A
A8: 107 | B8: Trudie | C8: Restivo | D8: Trudie 502@gmail.com | E8: female | F8: black | G8: 47 | H8: Gauteng | I8: @Trudie 50 | J8: =VLOOKUP(A8,Viewership!A:A,1,FALSE) -> #N/A
A9: 108 | B9: Chas | C9: Luthy | D9: Chas 352@gmail.com | E9: male | F9: coloured | G9: 47 | H9: Western Cape | I9: @Chas 35 | J9: =VLOOKUP(A9,Viewership!A:A,1,FALSE) -> #N/A
A10: 120 | B10: Jared | C10: Bilyeu | D10: Jared 503@mail.com | E10: male | F10: coloured | G10: 46 | H10: Western Cape | I10: @Jared 50 | J10: =VLOOKUP(A10,Viewership!A:A,1,FALSE) -> #N/A
A11: 132 | B11: Carter | C11: Wigfall | D11: Carter 33@mail.com | E11: male | F11: black | G11: 45 | H11: Gauteng | I11: @Carter 3 | J11: =VLOOKUP(A11,Viewership!A:A,1,FALSE) -> 132
A12: 135 | B12: Emerson | C12: Beville | D12: Emerson 241@yahoo.com | E12: male | F12: other | G12: 45 | H12: Gauteng | I12: @Emerson 24 | J12: =VLOOKUP(A12,Viewership!A:A,1,FALSE) -> #N/A
A13: 138 | B13: Abel | C13: Hier | D13: Abel 185@mailxyz.com | E13: male | F13: None | G13: 45 | H13: Eastern Cape | I13: @Abel 18 | J13: =VLOOKUP(A13,Viewership!A:A,1,FALSE) -> #N/A
... A4322: 1133250 | B4322: Wilburn | C4322: Bilyeu | D4322: Wilburn 304@abcmail.com | E4322: male | F4322: indian_asian | G4322: 36 | H4322: Gauteng | I4322: @Wilburn 30 | J4322: =VLOOKUP(A4322,Viewership!A:A,1,FALSE) -> 1133250
A4323: 1280861 | B4323: None | C4323: None | D4323: Williemae 254@abcmail.com | G4323: 0 | I4323: None | J4323: =VLOOKUP(A4323,Viewership!A:A,1,FALSE) -> #N/A
A4324: 1281997 | B4324: Carlota | C4324: Tancredi | D4324: Carlota 273@mail.com | E4324: female | F4324: coloured | G4324: 14 | H4324: Free State | I4324: @Carlota 27 | J4324: =VLOOKUP(A4324,Viewership!A:A,1,FALSE) -> 1281997
A4325: 1283498 | B4325: None | C4325: None | D4325: Briana 62@gmail.com | G4325: 0 | I4325: None | J4325: =VLOOKUP(A4325,Viewership!A:A,1,FALSE) -> #N/A
A4326: 1285704 | B4326: None | C4326: None | D4326: Rebekah 464@abcmail.com | G4326: 0 | I4326: None | J4326: =VLOOKUP(A4326,Viewership!A:A,1,FALSE) -> #N/A
A4327: 1285929 | B4327: None | C4327: None | D4327: Lesli 65@mailxyz.com | G4327: 0 | I4327: None | J4327: =VLOOKUP(A4327,Viewership!A:A,1,FALSE) -> #N/A
A4328: 1285950 | B4328: Jared | C4328: Crotty | D4328: Jared 505@mailxyz.com | E4328: male | F4328: coloured | G4328: 30 | H4328: Mpumalanga | I4328: @Jared 50 | J4328: =VLOOKUP(A4328,Viewership!A:A,1,FALSE) -> #N/A
A4329: 1287933 | B4329: Kip | C4329: Arrieta | D4329: Kip 142@gmail.com | E4329: male | F4329: white | G4329: 26 | H4329: Northern Cape | I4329: @Kip 14 | J4329: =VLOOKUP(A4329,Viewership!A:A,1,FALSE) -> #N/A
A4330: 1292142 | B4330: None | C4330: None | D4330: Epifania 43@mail.com | G4330: 0 | I4330: None | J4330: =VLOOKUP(A4330,Viewership!A:A,1,FALSE) -> #N/A
A4331: 1293485 | B4331: Lane | C4331: Wigfall | D4331: Lane 113@mail.com | E4331: male | F4331: black | G4331: 21 | H4331: Gauteng | I4331: @Lane 11 | J4331: =VLOOKUP(A4331,Viewership!A:A,1,FALSE) -> #N/A
A4332: 1295130 | B4332: None | C4332: None | D4332: Dia 343@mail.com | G4332: 0 | I4332: None | J4332: =VLOOKUP(A4332,Viewership!A:A,1,FALSE) -> #N/A
A4333: 1297394 | B4333: None | C4333: None | D4333: Nubia 375@mailxyz.com | G4333: 0 | I4333: None | J4333: =VLOOKUP(A4333,Viewership!A:A,1,FALSE) -> #N/A
A4334: 1298176 | B4334: None | C4334: None | D4334: Lesli 405@mailxyz.com | G4334: 0 | I4334: None | J4334: =VLOOKUP(A4334,Viewership!A:A,1,FALSE) -> #N/A
A4335: 1299853 | B4335: Rebecka | C4335: Shkreli | D4335: Rebecka 313@mail.com | E4335: female | F4335: black | G4335: 22 | H4335: North West | I4335: @Rebecka 31 | J4335: =VLOOKUP(A4335,Viewership!A:A,1,FALSE) -> #N/A
A4336: 1303457 | B4336: None | C4336: None | D4336: Mellie 394@abcmail.com | G4336: 0 | I4336: None | J4336: =VLOOKUP(A4336,Viewership!A:A,1,FALSE) -> #N/A
A4337: 1304008 | B4337: None | C4337: None | D4337: Bess 61@yahoo.com | G4337: 0 | I4337: None | J4337: =VLOOKUP(A4337,Viewership!A:A,1,FALSE) -> #N/A
A4338: 1307720 | B4338: None | C4338: None | D4338: Lillian 95@mailxyz.com | G4338: 0 | I4338: None | J4338: =VLOOKUP(A4338,Viewership!A:A,1,FALSE) -> #N/A
A4339: 1308689 | B4339: None | C4339: None | D4339: Tiffani 383@mail.com | G4339: 0 | I4339: None | J4339: =VLOOKUP(A4339,Viewership!A:A,1,FALSE) -> #N/A
A4340: 1310414 | B4340: None | C4340: None | D4340: Nubia 483@mail.com | G4340: 0 | I4340: None | J4340: =VLOOKUP(A4340,Viewership!A:A,1,FALSE) -> #N/A
A4341: 1310589 | B4341: Michel | C4341: Langenfeld | D4341: Michel 203@mail.com | E4341: male | F4341: black | G4341: 33 | H4341: Mpumalanga | I4341: @Michel 20 | J4341: =VLOOKUP(A4341,Viewership!A:A,1,FALSE) -> #N/A
A4342: 1312534 | B4342: None | C4342: None | D4342: Trudie 44@abcmail.com | G4342: 0 | I4342: None | J4342: =VLOOKUP(A4342,Viewership!A:A,1,FALSE) -> #N/A
A4343: 1314312 | B4343: None | C4343: None | D4343: Nakita 462@gmail.com | G4343: 0 | I4343: None | J4343: =VLOOKUP(A4343,Viewership!A:A,1,FALSE) -> #N/A
A4344: 1315326 | B4344: None | C4344: None | D4344: Yolonda 365@mailxyz.com | G4344: 0 | I4344: None | J4344: =VLOOKUP(A4344,Viewership!A:A,1,FALSE) -> #N/A
A4345: 1316622 | B4345: None | C4345: None | D4345: Gretta 155@mailxyz.com | G4345: 0 | I4345: None | J4345: =VLOOKUP(A4345,Viewership!A:A,1,FALSE) -> #N/A
A4346: 1318133 | B4346: Romeo | C4346: Restivo | D4346: Romeo 372@gmail.com | E4346: male | F4346: other | G4346: 17 | H4346: Kwazulu Natal | I4346: @Romeo 37 | J4346: =VLOOKUP(A4346,Viewership!A:A,1,FALSE) -> #N/A
A4347: 1319265 | B4347: None | C4347: None | D4347: Seema 105@mailxyz.com | G4347: 0 | I4347: None | J4347: =VLOOKUP(A4347,Viewership!A:A,1,FALSE) -> #N/A
A4348: 1320407 | B4348: None | C4348: None | D4348: Iva 15@mailxyz.com | G4348: 0 | I4348: None | J4348: =VLOOKUP(A4348,Viewership!A:A,1,FALSE) -> #N/A
A4349: 1320736 | B4349: Kyle | C4349: Shkreli | D4349: Kyle 61@yahoo.com | E4349: male | F4349: white | G4349: 10 | H4349: Gauteng | I4349: @Kyle 6 | J4349: =VLOOKUP(A4349,Viewership!A:A,1,FALSE) -> #N/A
A4350: 1325184 | B4350: Roxana | C4350: Nicholls | D4350: Roxana 293@mail.com | E4350: female | F4350: white | G4350: 35 | H4350: Limpopo | I4350: @Roxana 29 | J4350: =VLOOKUP(A4350,Viewership!A:A,1,FALSE) -> #N/A
A4351: 1330815 | B4351: None | C4351: None | D4351: Williemae 205@mailxyz.com | G4351: 0 | I4351: None | J4351: =VLOOKUP(A4351,Viewership!A:A,1,FALSE) -> #N/A
A4352: 1331854 | B4352: None | C4352: None | D4352: Epifania 225@mailxyz.com | G4352: 0 | I4352: None | J4352: =VLOOKUP(A4352,Viewership!A:A,1,FALSE) -> #N/A
A4353: 1335653 | B4353: None | C4353: None | D4353: Lillie 433@mail.com | G4353: 0 | I4353: None | J4353: =VLOOKUP(A4353,Viewership!A:A,1,FALSE) -> #N/A
A4354: 1337736 | B4354: None | C4354: None | D4354: Luanna 223@mail.com | G4354: 0 | I4354: None | J4354: =VLOOKUP(A4354,Viewership!A:A,1,FALSE) -> #N/A
A4355: 1338868 | B4355: None | C4355: None | D4355: Luanna 181@yahoo.com | G4355: 0 | I4355: None | J4355: =VLOOKUP(A4355,Viewership!A:A,1,FALSE) -> #N/A
A4356: 1339762 | B4356: Dee | C4356: Bilyeu | D4356: Dee 211@yahoo.com | E4356: male | F4356: black | G4356: 13 | H4356: Gauteng | I4356: @Dee 21 | J4356: =VLOOKUP(A4356,Viewership!A:A,1,FALSE) -> #N/A
A4357: 1340226 | B4357: Loyd | C4357: Martello | D4357: Loyd 494@abcmail.com | E4357: male | F4357: black | G4357: 20 | H4357: Gauteng | I4357: @Loyd 49 | J4357: =VLOOKUP(A4357,Viewership!A:A,1,FALSE) -> #N/A
A4358: 1344220 | B4358: Brendan | C4358: Martello | D4358: Brendan 455@mailxyz.com | E4358: male | F4358: white | G4358: 21 | H4358: Gauteng | I4358: @Brendan 45 | J4358: =VLOOKUP(A4358,Viewership!A:A,1,FALSE) -> #N/A
A4359: 1346053 | B4359: None | C4359: None | D4359: Carlota 321@yahoo.com | G4359: 0 | I4359: None | J4359: =VLOOKUP(A4359,Viewership!A:A,1,FALSE) -> #N/A
A4360: 1347572 | B4360: Wilton | C4360: Lavoie | D4360: Wilton 415@mailxyz.com | E4360: male | F4360: white | G4360: 21 | H4360: Gauteng | I4360: @Wilton 41 | J4360: =VLOOKUP(A4360,Viewership!A:A,1,FALSE) -> #N/A
A4361: 1348140 | B4361: None | C4361: None | D4361: Zetta 415@mailxyz.com | G4361: 0 | I4361: None | J4361: =VLOOKUP(A4361,Viewership!A:A,1,FALSE) -> #N/A
A4362: 1357282 | B4362: None | C4362: None | D4362: Lillie 422@gmail.com | G4362: 0 | I4362: None | J4362: =VLOOKUP(A4362,Viewership!A:A,1,FALSE) -> #N/A
A4363: 1365228 | B4363: None | C4363: None | D4363: Luann 141@yahoo.com | G4363: 0 | I4363: None | J4363: =VLOOKUP(A4363,Viewership!A:A,1,FALSE) -> #N/A
A4364: 1365633 | B4364: None | C4364: None | D4364: Luanna 333@mail.com | G4364: 0 | I4364: None | J4364: =VLOOKUP(A4364,Viewership!A:A,1,FALSE) -> #N/A
A4365: 1366224 | B4365: None | C4365: None | D4365: Krysta 14@abcmail.com | G4365: 0 | I4365: None | J4365: =VLOOKUP(A4365,Viewership!A:A,1,FALSE) -> #N/A
A4366: 1367082 | B4366: Haywood | C4366: Crotty | D4366: Haywood 93@mail.com | E4366: male | F4366: black | G4366: 23 | H4366: Limpopo | I4366: @Haywood 9 | J4366: =VLOOKUP(A4366,Viewership!A:A,1,FALSE) -> #N/A
A4367: 1368947 | B4367: None | C4367: None | D4367: Shandra 13@mail.com | G4367: 0 | I4367: None | J4367: =VLOOKUP(A4367,Viewership!A:A,1,FALSE) -> #N/A
A4368: 1369368 | B4368: None | C4368: None | D4368: Felipa 453@mail.com | G4368: 0 | I4368: None | J4368: =VLOOKUP(A4368,Viewership!A:A,1,FALSE) -> #N/A
A4369: 1369498 | B4369: None | C4369: None | D4369: Katharina 421@yahoo.com | G4369: 0 | I4369: None | J4369: =VLOOKUP(A4369,Viewership!A:A,1,FALSE) -> #N/A
A4370: 1372244 | B4370: None | C4370: None | D4370: Alecia 75@mailxyz.com | G4370: 0 | I4370: None | J4370: =VLOOKUP(A4370,Viewership!A:A,1,FALSE) -> #N/A
A4371: 1372513 | B4371: None | C4371: None | D4371: Seema 273@mail.com | G4371: 0 | I4371: None | J4371: =VLOOKUP(A4371,Viewership!A:A,1,FALSE) -> #N/A
A4372: 1375589 | B4372: None | C4372: None | D4372: Luanna 422@gmail.com | G4372: 0 | I4372: None | J4372: =VLOOKUP(A4372,Viewership!A:A,1,FALSE) -> #N/A
A4373: 1377076 | B4373: None | C4373: None | D4373: Luanna 363@mail.com | G4373: 0 | I4373: None | J4373: =VLOOKUP(A4373,Viewership!A:A,1,FALSE) -> #N/A
A4374: 1381172 | B4374: None | C4374: None | D4374: Roxana 371@yahoo.com | G4374: 0 | I4374: None | J4374: =VLOOKUP(A4374,Viewership!A:A,1,FALSE) -> #N/A
A4375: 1384390 | B4375: None | C4375: None | D4375: Krysta 205@mailxyz.com | G4375: 0 | I4375: None | J4375: =VLOOKUP(A4375,Viewership!A:A,1,FALSE) -> #N/A
A4376: 1385185 | B4376: None | C4376: None | D4376: Mellie 53@mail.com | G4376: 0 | I4376: None | J4376: =VLOOKUP(A4376,Viewership!A:A,1,FALSE) -> #N/A
A4377: 1385756 | B4377: Bess | C4377: Jacox | D4377: Bess 203@mail.com | E4377: female | F4377: black | G4377: 34 | H4377: Western Cape | I4377: @Bess 20 | J4377: =VLOOKUP(A4377,Viewership!A:A,1,FALSE) -> 1385756
A4378: 1388999 | B4378: Kip | C4378: Jacox | D4378: Kip 145@mailxyz.com | E4378: male | F4378: black | G4378: 36 | H4378: Mpumalanga | I4378: @Kip 14 | J4378: =VLOOKUP(A4378,Viewership!A:A,1,FALSE) -> #N/A
A4379: 1393477 | B4379: None | C4379: None | D4379: Yolonda 222@gmail.com | G4379: 0 | I4379: None | J4379: =VLOOKUP(A4379,Viewership!A:A,1,FALSE) -> #N/A
A4380: 1394143 | B4380: Kyle | C4380: Langenfeld | D4380: Kyle 64@abcmail.com | E4380: male | F4380: black | G4380: 29 | H4380: Limpopo | I4380: @Kyle 6 | J4380: =VLOOKUP(A4380,Viewership!A:A,1,FALSE) -> #N/A
A4381: 1394759 | B4381: None | C4381: None | D4381: Roxana 283@mail.com | G4381: 0 | I4381: None | J4381: =VLOOKUP(A4381,Viewership!A:A,1,FALSE) -> #N/A
A4382: 1401783 | B4382: None | C4382: None | D4382: Williemae 231@yahoo.com | G4382: 0 | I4382: None | J4382: =VLOOKUP(A4382,Viewership!A:A,1,FALSE) -> #N/A
A4383: 1406397 | B4383: None | C4383: None | D4383: Gretta 201@yahoo.com | G4383: 0 | I4383: None | J4383: =VLOOKUP(A4383,Viewership!A:A,1,FALSE) -> #N/A
A4384: 1408424 | B4384: None | C4384: None | D4384: Shelley 501@yahoo.com | G4384: 0 | I4384: None | J4384: =VLOOKUP(A4384,Viewership!A:A,1,FALSE) -> #N/A
A4385: 1409148 | B4385: Carter | C4385: Martello | D4385: Carter 34@abcmail.com | E4385: male | F4385: black | G4385: 28 | H4385: Kwazulu Natal | I4385: @Carter 3 | J4385: =VLOOKUP(A4385,Viewership!A:A,1,FALSE) -> #N/A
A4386: 1410090 | B4386: Hollis | C4386: Sieren | D4386: Hollis 381@yahoo.com | E4386: male | F4386: coloured | G4386: 51 | H4386: Western Cape | I4386: @Hollis 38 | J4386: =VLOOKUP(A4386,Viewership!A:A,1,FALSE) -> #N/A
A4387: 1412696 | B4387: Markus | C4387: Slane | D4387: Markus 193@mail.com | E4387: male | F4387: black | G4387: 27 | H4387: Mpumalanga | I4387: @Markus 19 | J4387: =VLOOKUP(A4387,Viewership!A:A,1,FALSE) -> #N/A
A4388: 1413198 | B4388: None | C4388: None | D4388: Eula 312@gmail.com | G4388: 0 | I4388: None | J4388: =VLOOKUP(A4388,Viewership!A:A,1,FALSE) -> #N/A
A4389: 1414207 | B4389: None | C4389: None | D4389: Anette 461@yahoo.com | G4389: 0 | I4389: None | J4389: =VLOOKUP(A4389,Viewership!A:A,1,FALSE) -> #N/A
A4390: 1416704 | B4390: None | C4390: None | D4390: Cordie 505@mailxyz.com | G4390: 0 | I4390: None | J4390: =VLOOKUP(A4390,Viewership!A:A,1,FALSE) -> #N/A
A4391: 1419271 | B4391: None | C4391: None | D4391: Nubia 292@gmail.com | G4391: 0 | I4391: None | J4391: =VLOOKUP(A4391,Viewership!A:A,1,FALSE) -> #N/A
A4392: 1420172 | B4392: None | C4392: None | D4392: Luanna 31@yahoo.com | G4392: 0 | I4392: None | J4392: =VLOOKUP(A4392,Viewership!A:A,1,FALSE) -> #N/A
A4393: 1420524 | B4393: None | C4393: None | D4393: Cordie 153@mail.com | G4393: 0 | I4393: None | J4393: =VLOOKUP(A4393,Viewership!A:A,1,FALSE) -> #N/A
A4394: 1421966 | B4394: None | C4394: None | D4394: Shelley 405@mailxyz.com | G4394: 0 | I4394: None | J4394: =VLOOKUP(A4394,Viewership!A:A,1,FALSE) -> #N/A
A4395: 1433410 | B4395: None | C4395: None | D4395: Briana 131@yahoo.com | G4395: 0 | I4395: None | J4395: =VLOOKUP(A4395,Viewership!A:A,1,FALSE) -> #N/A
A4396: 1435233 | B4396: None | C4396: None | D4396: Krysta 454@abcmail.com | G4396: 0 | I4396: None | J4396: =VLOOKUP(A4396,Viewership!A:A,1,FALSE) -> #N/A
A4397: 1437854 | B4397: None | C4397: None | D4397: Mellie 261@yahoo.com | G4397: 0 | I4397: None | J4397: =VLOOKUP(A4397,Viewership!A:A,1,FALSE) -> #N/A
A4398: 1438990 | B4398: None | C4398: None | D4398: Rebekah 262@gmail.com | G4398: 0 | I4398: None | J4398: =VLOOKUP(A4398,Viewership!A:A,1,FALSE) -> #N/A
A4399: 1439369 | B4399: None | C4399: None | D4399: Sharri 355@mailxyz.com | G4399: 0 | I4399: None | J4399: =VLOOKUP(A4399,Viewership!A:A,1,FALSE) -> #N/A
... A4401: 1440426 | B4401: None | C4401: None | D4401: Teresia 115@mailxyz.com | G4401: 0 | I4401: None | J4401: =VLOOKUP(A4401,Viewership!A:A,1,FALSE) -> #N/A
A4402: 1443808 | B4402: Yong | C4402: Singer | D4402: Yong 485@mailxyz.com | E4402: male | F4402: black | G4402: 30 | H4402: Gauteng | I4402: @Yong 48 | J4402: =VLOOKUP(A4402,Viewership!A:A,1,FALSE) -> #N/A
A4403: 1445897 | B4403: Haywood | C4403: Mcculloch | D4403: Haywood 93@mail.com | E4403: male | F4403: black | G4403: 17 | H4403: Mpumalanga | I4403: @Haywood 9 | J4403: =VLOOKUP(A4403,Viewership!A:A,1,FALSE) -> #N/A
A4404: 1450546 | B4404: None | C4404: None | D4404: Rebecka 104@abcmail.com | G4404: 0 | I4404: None | J4404: =VLOOKUP(A4404,Viewership!A:A,1,FALSE) -> #N/A
A4405: 1451460 | B4405: Donald | C4405: Woolard | D4405: Donald 222@gmail.com | E4405: male | F4405: black | G4405: 60 | H4405: Mpumalanga | I4405: @Donald 22 | J4405: =VLOOKUP(A4405,Viewership!A:A,1,FALSE) -> #N/A
A4406: 1455550 | B4406: None | C4406: None | D4406: Irmgard 203@mail.com | G4406: 0 | I4406: None | J4406: =VLOOKUP(A4406,Viewership!A:A,1,FALSE) -> #N/A
A4407: 1456819 | B4407: None | C4407: None | D4407: Luanna 101@yahoo.com | G4407: 0 | I4407: None | J4407: =VLOOKUP(A4407,Viewership!A:A,1,FALSE) -> #N/A
A4408: 1463542 | B4408: Eula | C4408: Mccown | D4408: Eula 43@mail.com | E4408: female | F4408: white | G4408: 16 | H4408: Free State | I4408: @Eula 4 | J4408: =VLOOKUP(A4408,Viewership!A:A,1,FALSE) -> #N/A
A4409: 1467780 | B4409: None | C4409: None | D4409: Briana 462@gmail.com | G4409: 0 | I4409: None | J4409: =VLOOKUP(A4409,Viewership!A:A,1,FALSE) -> #N/A
...

Sheet Viewership
A1: UserID | B1: Channel2 | C1: RecordDate2 | D1: Duration 2 | E1: userid
A2: 903994 | B2: Trace TV | C2: 42373.756 | D2: 0.0013888889 | E2: 903994 | F2: =VLOOKUP(A2,'User Profiles'!A:A,1,FALSE) -> 903994
A3: 802352 | B3: ICC Cricket World Cup 2011 | C3: 42459.378 | D3: 0.0070138889 | E3: 802352 | F3: =VLOOKUP(A3,'User Profiles'!A:A,1,FALSE) -> 802352
A4: 866125 | B4: ICC Cricket World Cup 2011 | C4: 42459.709 | D4: 0.00048611111 | E4: 866125 | F4: =VLOOKUP(A4,'User Profiles'!A:A,1,FALSE) -> 866125
A5: 2425604 | B5: ICC Cricket World Cup 2011 | C5: 42454.641 | D5: 0.00011574074 | E5: 2384970 | F5: =VLOOKUP(A5,'User Profiles'!A:A,1,FALSE) -> 2425604
A6: 793571 | B6: SawSee | C6: 42402.721 | D6: 0.0010763889 | E6: 793571 | F6: =VLOOKUP(A6,'User Profiles'!A:A,1,FALSE) -> 793571
A7: 793571 | B7: Boomerang | C7: 42447.706 | D7: 0.00011574074 | E7: 793571 | F7: =VLOOKUP(A7,'User Profiles'!A:A,1,FALSE) -> 793571
A8: 793571 | B8: Channel O | C8: 42449.184 | D8: 0.011979167 | E8: 793571 | F8: =VLOOKUP(A8,'User Profiles'!A:A,1,FALSE) -> 793571
A9: 793571 | B9: Boomerang | C9: 42403.28 | D9: 0.00084490741 | E9: 793571 | F9: =VLOOKUP(A9,'User Profiles'!A:A,1,FALSE) -> 793571
A10: 819248 | B10: Channel O | C10: 42460.417 | D10: 0.0032986111 | E10: 819248 | F10: =VLOOKUP(A10,'User Profiles'!A:A,1,FALSE) -> 819248
A11: 820321 | B11: Cartoon Network | C11: 42378.351 | D11: 0.00046296296 | E11: 820321 | F11: =VLOOKUP(A11,'User Profiles'!A:A,1,FALSE) -> 820321
A12: 892453 | B12: Supersport Live Events | C12: 42453.381 | D12: 6.9444444e-05 | E12: 892453 | F12: =VLOOKUP(A12,'User Profiles'!A:A,1,FALSE) -> 892453
A13: 892453 | B13: ICC Cricket World Cup 2011 | C13: 42455.648 | D13: 0.20916667 | E13: 892453 | F13: =VLOOKUP(A13,'User Profiles'!A:A,1,FALSE) -> 892453
... A10001: 810776 | B10001: SuperSport Blitz | C10001: 42422.315 | D10001: 0.00013888889 | E10001: 810776 | F10001: =VLOOKUP(A10001,'User Profiles'!A:A,1,FALSE) -> 810776
